"horizon","rmse_rw","rmse_ucsv","ratio_ucsv_rw"
"h1",1.97198516255867,1.54824069802041,0.785117823103471
"h2",1.68333755450919,1.17384480083951,0.697331796403584
"h3",1.55488642526206,1.01984930852807,0.655899551220397
"h4",1.50101323028665,0.954482697433599,0.635892261423519
"h5",1.52443133396112,0.93850161332945,0.615640463707094
"h6",1.46558232427052,0.897367525465904,0.612294178638214
"h12",1.50651142462044,0.979466747585411,0.65015553920023
